SMILES,CCR5_pIC50,INT_pIC50,RT_pIC50
CNC(=O)[C@@H]1[C@@H](c2ccccc2)CN2CCN(Cc3cc(C)no3)C[C@H]12,5.822899638067988,5.823286569173084,5.30188534632073
Cc1c(O)c(C)c2c(c1O)C(=O)C[C@@H](c1ccccc1O)O2,5.2493867579575815,5.103477882838757,5.233945903166143
CC(=O)Nc1ccc(CNc2nc3cc(-c4ccc(F)cc4)sc3c(=O)n2C)cc1,4.891295380292728,5.045268830073919,5.553177288327639
CN1CC1,5.543192005825124,4.398279264326116,5.453231001547407
CC(C)(C)OC(=O)NCCCCCNC(=O)c1[nH]cnc1C(=O)N1CCN(c2ccccc2)CC1,6.123064086744568,5.399047975129137,6.241408830243451
CCOC(=O)c1ccc(NC(=O)Nc2cccnc2Oc2ccccc2C(C)(C)C)s1,5.310829822218485,4.855490958779355,5.879297400953967
Cc1ccc(NC(=O)c2cccc(C(F)(F)F)c2)cc1-c1cc(N)nc(N2CCOCC2)c1,6.036944633296771,5.560371727994201,5.405245618356073
O/N=C/c1nc(-c2cccc3ccccc23)no1,5.834414546846935,5.273820166804147,5.4585424455054365
COC(CNC(=N)C(Cl)(Cl)Cl)COc1ccccc1,5.752359410870334,4.8467210379468275,5.466233936068513
c1cncc(-c2noc(-c3ccc4ccccc4c3)n2)c1,5.141757028256861,5.291035482494582,5.573078598625094
CC(=S)NCCCC[C@H](NC(=O)CNC(=O)CNC(=O)[C@@H](NC(=O)[C@H](CO)NC(=O)[C@@H](N)CCCCN)[C@@H](C)O)C(=O)N[C@@H](C)C(=O)N1CCC[C@H]1C(=O)N[C@@H](CCCNC(=N)N)C(=O)N[C@@H](CCCCN)C(=O)N[C@@H](CCC(N)=O)C(=O)O,5.408968409405414,5.269565609103727,5.379331644572772
Cc1cccc(CN2CCc3c(COCC(=O)N(C)C)nn(C)c3C2)n1,5.517705925688639,5.4573360356291225,5.745669031371307
C/C=C1\COC(C(=O)NCCN2CCCC2)(C(F)(F)F)C=C1C=C1CCCCC1,6.694393910176646,4.920848985557635,6.204301033657656
CS(=O)(=O)c1ccc(-n2nc(C(F)(F)F)cc2-c2ccc(CC(=O)O)cc2)cc1,6.063743795559992,5.420684186144919,5.7656546211991
CC(C)(C)c1ccc(C(=O)OC(Cn2ccnc2)c2ccc(Cl)cc2Cl)cc1,5.946091426381346,4.825994100596863,6.218903824358832
Cc1ccc(C(C)C)c(O)c1C(=O)O,5.86858653045058,4.821843865317223,5.1470285982319295
CCCCCCCCC(=O)OCC(=O)NCc1cc(OC)c(O)cc1I,6.497317473703139,4.5516161281014265,5.419953603613325
Fc1ccc(C(OCCN2CCN(CCCc3nc4ccccc4[nH]3)CC2)c2ccc(F)cc2)cc1,6.8430408690697755,5.0115490750067435,6.318893581696496
COC(=O)c1ccc(NC(=O)c2sc3cc(C(=N)NC(C)C)ccc3c2Cl)cc1,5.384088703960482,4.7649057701793796,6.0361730626125185
CCOC(=O)[C@]12CCCC=C1N(Cc1cccc3ccccc13)C(=O)[C@H](CC(=O)N1CCCCC1)C2,6.459184662112992,5.422537000888792,5.633561113413907
CCCCCCN1CC2CN(CCCCCC)CC(C1)C21CCCC1,6.840789686663708,4.671266891211973,5.60698936635449
CN(CC(=O)N(Cc1ccccc1)c1ccc(C(=O)O)c(O)c1)S(=O)(=O)c1c(F)c(F)c(F)c(F)c1F,5.779276705666116,4.7837050000666865,5.783356554033518
CC(C)(C)[C@H](NC(=O)n1c(=O)n(CCC2CCOCC2)c2ccccc21)C(N)=O,6.016175961622087,5.037804524934067,6.1441806110138915
CN1CCC(NC(=O)c2ccc(Nc3cc(NC4CC4)n4ncc(/C=C5\NC(=O)NC5=O)c4n3)c(F)c2)CC1,5.646379963080615,5.503555411540462,5.627976275187983
CC(C)CCn1cc(C2=NS(=O)(=O)c3ccccc3N2)c2cc(Br)ccc21,6.037131351825779,5.143927313301129,5.23090412773425
O=S(=O)(c1ccc(Cl)cc1)c1cc(Cl)c(Cl)cc1Cl,6.0575933792625305,4.6900885595726916,5.692402200983607
CC(C)C(=O)NCCSc1c[nH]c2ccccc12,5.57217846781465,4.8266631609768185,5.7996720922060545
CCCCNS(=O)(=O)c1ccc2c3c(cccc13)C(=O)N2,6.003939372549343,5.0575306030054366,5.438002337578937
Cn1cc(NC(=O)c2cc(NC(=O)c3cc(NC(=O)c4ccc(N(CCCl)CCCl)c(F)c4)cn3C)cn2C)cc1C(=O)NCCC(=N)N,5.983460966838067,4.874106705742816,6.293101445331705
Cc1cn(C2CC(N=[N+]=[N-])C(COC(=O)CCCCN3CCCN(C(=O)CCCC(=O)N4CCCN(C(=O)OC(C)(C)C)CCN(C(=O)OC(C)(C)C)CCCN(C(=O)OC(C)(C)C)CC4)CCN(C(=O)OC(C)(C)C)CCCN(C(=O)OC(C)(C)C)CC3)O2)c(=O)[nH]c1=O,7.0113825901389415,5.102019393541874,6.0937057929110985
CC(C)Nc1cc(Nc2ccc3ncsc3c2)ncc1-c1nc(C(=O)N2CCC3(CC2)C(=O)NCN3c2ccccc2)cs1,6.490495143748275,5.214475035902605,6.069569858930552
COc1cccc(O)c1C(=O)/C=C/c1ccc(O)cc1,5.587001574825007,4.572581095120725,4.897405122125545
CCCN1CC(NC(=O)Nc2nc(C)n(C(C)C)n2)CC1=O,6.498043719914858,4.974400287148464,6.284188126268009
CCN(CC)C1COc2c(cc(Br)c(C)c2Br)C1=O,5.510310997326168,5.109782431127171,5.537336573816475
COC(=O)c1ccc(C)cc1CC1Cc2ccc(C)cc2C1=O,5.157627972744235,4.8288919472711305,5.5775545124338795
COc1cc2occ(-c3ccc(O)cc3)c(=O)c2c(O)c1CC=C(C)C,5.405035260128845,4.788392075155071,4.849477971592197
CC[C@H](CC[C@@H](C)[C@H]1CC[C@H]2[C@@H]3C[C@@H](NCCc4c[nH]cn4)[C@@]4(O)C[C@@H](O)CC[C@]4(C)[C@H]3CC[C@@]21C)C(C)C,7.761518440619612,4.576439864159851,5.59378305061599
CCOC(=O)c1nc(Nc2ccc(OC)cc2)c2ccccc2n1,5.566896665708375,5.234701518308217,6.172511223314683
N=C(N)NCCC[C@@H]1NC(=O)C[C@H](Cc2ccc(O)cc2)NC(=O)[C@H](CC(=O)O)NC(=O)[C@H](CCCCCC(=O)O)NC1=O,5.071208422626793,5.553654869681176,5.334039679772396
COc1cc(/C=N/NC(=O)Nc2ccc(-n3c(C)nc4c(Br)cc(Br)cc4c3=O)cc2)ccc1O,6.048135273749075,4.762411287579668,6.440932120680178
O=C(NCc1ccccc1CN1CCCC1)c1ccc(S(=O)(=O)Nc2ccccc2F)cc1,5.126024512597274,4.856959665336298,6.1807757719030505
Cc1ccc(/C=c2/sc3nnc(-c4ccccc4Cl)n3c2=O)o1,5.553616571318996,5.416061901198979,5.506400871755054
COc1cc2ccccc2cc1C(=O)N1CCN(C)CC1,5.770139572991162,5.014831973902117,5.125202461998531
COC(=O)Nc1nc2cc([S+]([O-])c3ccccc3)ccc2[nH]1,5.687667156075613,4.962191234850803,5.760360105281592
Nc1ncnc2c1nc(Sc1cc(Cl)cc(Cl)c1)n2Cc1ccccc1,5.6984693295978035,4.819609696239021,6.811025564210219
Cc1cc(C)c(S(=O)(=O)N2CCN(C(=O)c3ccccc3OCc3c(C)noc3C)CC2)c(C)c1,6.441525602744248,5.336299235788158,6.019314978241885
Cc1cc(S(N)(=O)=O)ccc1NC(=O)COc1ccc2ccccc2c1C(=O)c1cc(Cl)cc(Br)c1,5.9956658992869825,4.735792745139371,5.595347171989817
O=P(O)(O)OP(=O)(O)OCCBr,5.841589101298904,4.654617243768657,5.507514874409609
COC(=O)c1ccc(NC(=O)C(=O)c2cccn2C)cc1,5.697051525527225,4.770241546652273,5.253159854608539
CCCN1CCC=C(c2ccc(Nc3nc(Nc4cc(F)ccc4C(N)=O)c4cc[nH]c4n3)c(OC)c2)C1,5.797797184190199,4.98274353931229,6.164221804751918
O=C(N/C(=C/c1cccc(Br)c1)c1nc(S)n[nH]1)c1ccccc1,5.396125966063946,5.177253325982435,5.675915908999695
COc1cc(C2Oc3cc(-c4oc5cc(O)c(CC=C(C)C)c(O)c5c(=O)c4O)ccc3OC2CO)ccc1O,5.266076657625296,4.97091344116414,5.085498483056955
Clc1cccc(NCc2nnc3n2CCCCC3)c1,5.551334821357409,4.91628893170056,6.091232028855007
Cc1[nH]c2cc(C(=O)NCCCCCC(=O)Nc3ccccc3N)ccc2c1C,5.896262971118382,5.117798174629165,6.8799011609921505
CSc1c2sc(C3=C(C(=O)O)N4C(=O)[C@H]([C@@H](C)O)[C@H]4[C@H]3C)cn2c[n+]1Cc1cccc(C[N+]2(C)CCCC2)c1,7.600057450128837,5.066242774735032,5.3330156837082
COc1ccc(OC(C)C(=O)NCc2nc(-c3cccc(C)c3)no2)cc1,5.6599512165569275,5.025483736294134,5.486788374214678
CCC1=C(OC)C(CC)(CC)c2oc(-c3csc4cc(N)ccc34)cc(=O)c2C1=O,6.099325431862905,4.809399124693719,5.192077099973584
Cc1cc(N(C)CCN(C)C)nc(Nc2ccc(Br)cc2)n1,5.765059009783158,5.0089810882079036,6.512275625139125
C=CCn1c(SCC(=O)NCC2CCCO2)nnc1-c1ccncc1,5.3499677213686985,4.972442949518491,5.858917916234503
Cc1cc(C)c(NC(=O)C(C)n2nnc3sc4c(c3c2=O)CCCC4)c(C)c1,5.994397191004181,5.5267079320952055,7.023514192968427
CCCCCCCCCCCCCCCCOC(=O)N1CCN(/[N+]([O-])=N/Oc2ccc([N+](=O)[O-])cc2[N+](C)=O)CC1,6.7295156816323605,4.582762800247178,6.372193776359484
OC(Cn1ccnc1)(c1ccc(F)cc1)c1cccc(-c2ccncc2)c1,5.317015663068415,5.4307641662018975,6.123737038000997
CCOc1ccc(C(=O)NC(=S)Nc2ccccc2N2CCC(C)CC2)cc1[N+](=O)[O-],5.036101983883433,4.772701029535618,6.624365305935229
CCCn1c(=S)[nH]c2cc(C(=O)N3CCN(C4CCCCC4)CC3)ccc2c1=O,6.344780730228161,5.437864768888183,5.754979018620744
NNC(=O)C1CC1c1ccc(Cl)cc1,5.323877250542089,4.757050124837279,5.495229355998565
Cc1nnc(-c2ccccc2)nc1N(C)C,5.631397918473376,4.782803459849293,5.495346511154413
CCCCCCCCCCCCCCCCCC(=O)c1c(C)c(CCC(=O)O)n(CCCCCC#N)c1C,6.932392428329905,4.883021130168464,5.618048831735334
Cc1ccccc1OCc1nnc(SCc2cc(O)nc3ccccc23)o1,5.801782799980799,5.479858004334018,5.732749889442798
CN(C)CCCNC(=O)C(=O)NCC1CCCO1,5.960388013770382,4.661635570077535,5.211698941027924
COC(=O)CCN[C@@H]1N=C(c2ccccc2Cl)c2cc(Cl)ccc2NC1=O,5.559886262556444,5.003053531513503,6.036549021932013
Fc1ccc(CNCc2nnc3n2CC(C(F)(F)F)CC3)c(F)c1,6.5448463900207,6.023139837431224,6.86574818109852
Oc1nc(S)nc(O)c1C(c1ccccn1)c1c(O)nc(S)nc1O,5.639363992461264,5.202847582487139,5.151531236598393
N=C(N)c1ccc2cc(-c3ccc(Oc4ccccc4)cc3)[nH]c2c1,4.998876315194832,4.994982755620284,5.30857142731629
COc1ccc(CCNCC/N=c2/cccccc2O)cc1OC,5.688989780392743,4.303763070878027,5.22125421335518
COc1sc2nc(-c3cccs3)nc(NN3C(=O)C=C(C)C3=O)c2c1C,5.288256793100562,4.775418529175686,6.2336885189315705
CN(CCC(=O)O)S(=O)(=O)c1ccccc1,6.1682073593028575,4.380926973407102,5.491157754613109
Cc1cccc(N2CCN(C(=O)COc3ccc4c(c3)CCC4)CC2C)c1,5.812614547009453,5.021484784698638,5.8207284903568
Cn1nccc1CNC(=O)NC1CCN(c2ncccc2Cl)C1,6.179044991962789,4.947319352314142,6.122039421519629
Cc1oc(-c2ccccc2)nc1CC(C)(C)NC(=O)c1cnc(C2CC2)c(OCC2CC2)n1,7.116786898360471,5.195071614650553,5.842129655841096
COc1cc(-c2nc(SCC(=O)NC(=O)Nc3ccccc3)nc(Nc3cccc([N+](=O)[O-])c3)c2C#N)cc(OC)c1OC,6.81518941309973,4.806382543382828,6.678548735984986
CC(C)(C)OC(=O)N1CC[C@H](Nc2ncnc3ccc(-c4ccc(N)nc4)cc23)C1,5.465763118173332,5.497239720686362,6.076080377337341
CN(C)CCCN(C(=O)C1COc2ccccc2O1)c1nc2cc3c(cc2s1)OCO3,5.934261841991242,4.681336804304205,5.804546583543343
O=C(CCCCCC(=O)N/N=C/c1ccc(-c2cccs2)cc1)NO,5.405388895256095,5.140062693905686,6.209968558309323
Cc1c(O)cc(O)c(C(=O)CCc2ccccc2)c1O,5.735600536671984,5.204810899739318,4.956957774074068
N#CCCN(c1ccccc1)c1cc(-c2ccc(Oc3ccc(F)cc3)cc2)cc(C(=O)O)n1,5.503294525526506,5.319734925460085,6.311673343463483
Cc1ccc(-c2nc3ccccc3o2)cc1NC(=O)Cc1ccc(Cl)cc1,5.785477510971358,4.880330852384934,5.803155084436628
Cc1ccc(NC(=O)c2nc(S(=O)(=O)Cc3ccccc3C)ncc2Cl)cc1C,5.663367192310046,4.915789298451641,6.959176257934875
CC(C)(C)CC(=O)Nc1ccc2c(Cl)c(OCCBr)oc(=O)c2c1,6.200121065963421,5.2143257261344775,5.9348965868078185
O=C(CC[C@H](NC(=O)OCc1ccccc1)C(=O)OCc1ccccc1)NNc1ccc(OCc2ccccc2)cc1,5.817840462681638,5.44032006189797,6.108643057408168
CC(C)(C)OC(=O)NCCc1nc(I)[nH]c1I,5.886615337476924,5.115657286525069,6.244875934983635
Cc1cc(SCc2nc3ccccc3s2)nc(SCc2nc3ccccc3s2)n1,6.488263804223348,4.60690499956353,6.3504306569921445
O=C(COc1ccccc1)N1CCC[C@]2(C[C@H](OCC3CC3)CO2)C1,6.3937958338695875,4.963876103602455,5.108132364548018
COc1ccc(N(CC(=O)NCc2ccccc2Cl)S(=O)(=O)c2c(C)nn(C)c2C)cc1,6.230734354263243,5.222743273736611,6.636541163823707
CCCc1cnc2c(c1SCc1ccc(C(F)(F)F)cc1)c(=O)n(C)c(=O)n2C,5.243493910852108,5.780862041418048,5.936921092775394
CC1Cc2ccccc2N1C(=O)Cn1nc(C(=O)O)c2ccccc2c1=O,5.029900958328343,5.779192720749867,5.543832193851273
CCCCCCCCCCCCCCCC(=O)NC[C@@H]1C[N+](C)(C)C[C@H](CC(=O)[O-])O1,6.682028839836493,4.707303516471208,5.375100333598944
CN(c1ccc(C(=O)NCc2ccc3c(c2)OCO3)cc1)S(=O)(=O)c1ccccc1,5.007216033635074,4.477164580060846,5.911615596035466
COc1cccc(C(=O)CSc2nnc(-c3ccc(Cl)cc3)o2)c1,5.54774555977424,4.591631047441769,5.771879574210533
COc1ccc(CNC(=O)c2ccc(Cn3cc(Br)cn3)o2)cc1,5.562586609416785,4.916152734977366,5.755525146245401
COCC(C)Oc1cc(Oc2ccc(S(C)(=O)=O)cc2)cc(C(=O)Nc2nc3c(s2)CCCC3)c1,5.956608722160098,4.67202477303978,5.749338466779868
CSCC[C@H](NC(=O)Cc1ccccc1)C(=O)SCC(=O)O,6.163821667922938,4.648499532324377,5.508011312557559
N#Cc1c(-n2ncnc2-c2ccccc2C(F)(F)F)sc2c1CCCCC2,5.950956699202527,5.416997158111067,5.807239663867087
CCNc1nnc(-c2cnc(N3CCN(C4CCN(C(=O)c5ccc(Cl)nc5N)CC4)[C@@H](CC)C3)c(Cl)n2)o1,6.510470004897209,5.4412550994351,6.345078497917885
CN(C)C(=O)CCSC(CCc1ccccc1C(=O)O)c1cccc(OCc2ccc3ccc(Cl)cc3n2)c1,6.944056522365412,5.597372972083118,5.945876375247942
O=C(C[C@@H]1[C@@H]2CN(C(=O)Cc3ccccn3)C[C@@H]21)Nc1cccnc1,6.452730664604836,5.596334464748538,6.261059862577359
CNS(=O)(=O)c1cccc(Nc2ncnc3[nH]cc(C(C)C)c23)c1,5.857378574524177,5.0871960407753125,5.999076623076114
O=C(C1=C(O)/C(=C/c2cccc(F)c2)CCC1)c1ccccc1,5.958229388432864,4.912206645086052,5.898322705493722
COc1cc(NC(C)CCCNC(=O)NCCCC[C@H](N)C(=O)O)c2ncccc2c1,6.663143957798977,5.260149065034869,6.181276198501889
C/C(=N\OCc1ccc(C2CCCCC2)c(C(F)(F)F)c1)c1ccc(CNCCC(=O)O)cc1,6.943479860566811,5.323077077220577,5.9201893688333245
CCOC(=O)N1c2ccc(C(F)(F)F)cc2N(C(c2cc(C(F)(F)F)cc(C(F)(F)F)c2)c2nnn(C)n2)C[C@@H]1CC,6.482220505267332,5.429552460229799,6.054306777190536
Nc1nc(NCc2ccc(F)cc2)ccc1N1CCOC1=O,5.747132446617078,5.514993797825939,5.534620064545327
CCN(C(=O)c1ccc2c(c1)CCO2)c1ccnc(N[C@@H](C)c2ccccc2)n1,5.1714311038127905,5.427964700010858,6.495965150207429
Cn1c(=O)[nH]c(=O)c2c1nc(NC1CCCCC1)n2CC(=O)NC1CCCCC1,5.685485916788495,5.379516518814535,5.456279036262618
N=C(N)N/N=C/c1c(-c2ccc(O)c(O)c2)nc2sccn12,5.240265737367253,4.738870833004614,5.50811186028189
CSc1ccc(C2C3=C(Nc4[nH]c(=O)[nH]c(=O)c42)c2ccccc2C3=O)cc1,4.869518209582456,5.270646709442883,6.307727145017411
O=C(Cc1ccc(Cl)c(Cl)c1)Nc1ccc(S(=O)(=O)Nc2nncs2)cc1,5.801036639301526,4.475600868175612,6.9312657810055365
CCCCCCCSC1=N[C@H]2O[C@H](CO)[C@@H](O)[C@H](O)[C@H]2O1,6.209613405617141,4.52252562967224,5.087852131646738
CC[C@H](N)C(=O)NC1CC[C@H]2CC[C@@H](C(=O)NCc3ccccc3)N2C1=O,5.859222338810562,5.520987883416697,5.444990361612712
CCc1nc2c(C)cc(C)nc2n1Cc1ccc2c(c1)CCN2Cc1cc(Cl)c(Cl)cc1C(=O)O,6.537862716316588,5.641982184670021,6.455644052842848
O=C(NC/C=C/CN1CCN(c2cccc(Cl)c2Cl)CC1)c1ccc(O)cc1,5.7942413863159405,4.387754850787497,6.216599600110502
NC(=O)Cc1cccc(NC(=O)c2n[nH]c3ccccc23)c1,4.937551373942452,5.270563557368665,5.469610564167503
CC(C)C[C@H]1NC(=O)[C@H](C(C)C)NC(=O)[C@@H](CCCN)NC(=O)[C@H](CC(=O)O)NC(=O)[C@H](Cc2c[nH]c3ccccc23)NC1=O,6.396181000602573,5.646229507477942,5.448219932760372
COc1ccc2c(c1F)CSc1c(C(F)F)nn(-c3ccc(S(N)(=O)=O)cc3)c1-2,6.02408767798056,5.608349220992567,5.995566519668873
CC(C)(NC(=O)c1ccc(S(N)(=O)=O)cc1)C(=O)O[C@H]1CC[C@H]2[C@@H]3CCc4cc(O)ccc4[C@H]3CC[C@]12C,6.8135597543983355,5.085338405403057,5.722738036853096
CC(C)CCCCC(=O)N[C@@H](CCN)C(=O)N[C@H](C(=O)N[C@@H](CCN)C(=O)N[C@H]1CCNC(=O)[C@H]([C@@H](C)O)NC(=O)[C@H](CCN)NC(=O)[C@H](CCN)NC(=O)[C@H](CC(C)C)NC(=O)[C@@H](Cc2ccccc2)NC(=O)[C@H](CCN)NC1=O)[C@@H](C)O,6.410002975255648,5.1633350446214195,5.604153190395559
O=C1CCN(c2ccc(-c3ccccc3Cl)nn2)CC1,5.709939183292785,4.8602300164576135,6.043101368596137
O=C(NCNc1ccc(S(=O)(=O)Nc2ncccn2)cc1)c1ccc(NC(=O)c2cccnc2)cc1,5.250896227555359,4.506049532824942,5.837836441108576
Cc1nc2cc3ccccc3cc2n1-c1ccc(C(=O)NC2CC2)s1,5.629974806034829,4.910393740407494,5.750372802330177
O=[N+]([O-])c1cnc(N[C@H]2CC[C@H](O)CC2)nc1Nc1ccccc1,5.190678894317787,4.905611407422286,6.146286179960705
Oc1cc2c(cc1O)-c1cc(O)c(O)cc1CCCC2,5.690798111786798,5.128621336173399,5.254058863461369
COc1cc(-c2ccccn2)nc(C#N)c1SC,5.567728664021482,5.327232208945327,5.4524937790070105
Cc1ccc(-c2c(C#N)c(N)nc3c2CCCCC3)cc1,5.625410646805103,5.242506020095763,6.28804127179367
COc1ccccc1N1CCN(C(CNC(=O)C(=O)NCc2ccc(F)cc2)c2cccnc2)CC1,5.355997895305937,5.708113314919038,5.829274694627436
C[C@@]12CC[C@H]3[C@]4(C)CCC[C@@](C)(C(=O)NCC(=O)OCC#CCOc5no[n+]([O-])c5S(=O)(=O)c5ccccc5)[C@H]4CC[C@]3(CC1=O)C2,6.124180877110087,4.769017573665401,5.63489638313709
O=C(O)/C=C/C(=O)c1ccccc1,6.180178754014153,4.6179472976954195,5.3102745097574715
Cc1cccc(S(=O)(=O)[C@@H]2C[C@@H](C(=O)NC3(C#N)CC3)N(C(=O)C3(c4ncc(Cl)cc4F)CC3)C2)n1,7.0853071419040194,6.570860119699662,6.36518191174786
Cc1noc(C)c1CN1CCO[C@H]2CN(CC3CC3)C[C@H]21,6.398355186801535,4.925808184244186,5.7376342589188
O=C(O)c1ccc2oc3ccc(OCC(O)CO)cc3c(=O)c2c1,5.561288624610549,4.8450808995191235,4.4022482469923645
CC(/C=N/NC(=O)c1ccc2[nH]c(C)nc2c1)=C\c1ccccc1,5.5090455818990725,5.101219142710853,5.703872055195974
CN(CCCCC1(c2ccccc2)C(=O)c2ccccc2C1=O)CC(=O)O,5.963235405773208,5.119190041979862,5.483173103188611
Cc1noc(C)c1C(=O)N1CCC(Nc2cccnn2)CC1,6.404407288354358,5.051185894117143,6.485754267949938
NC[C@@H]1O[C@H](O[C@@H]2[C@@H](C(=O)Nc3ccc(-c4cn(Cc5ccc(CN6CCN(c7cc8c(cc7F)c(=O)c(C(=O)O)cn8C7CC7)CC6)cc5)nn4)cc3)O[C@@H](O[C@@H]3[C@@H](O)[C@H](N)C[C@H](N)[C@H]3O[C@H]3O[C@H](CN)[C@@H](O)[C@H](O)[C@H]3N)[C@@H]2O)[C@H](N)[C@@H](O)[C@@H]1O,6.430208542388017,5.80242375253822,5.925325231418527
CCn1cc(C(=O)O)c(=O)c2cc(F)c(NCCCN3CCOCC3)c(F)c21,6.296826461471561,6.493391536231892,5.794400241367312
O=C(Nc1ccc(Oc2ccccc2)cc1)c1c(OCc2ccccc2)nnn1CC1CCCCC1,6.043854041025363,4.997832436439364,6.536392129082288
CC(=O)Nc1ccc(S(=O)(=O)N2CCC(N3CCCCC3)CC2)cc1,6.156698399973061,5.420219715523144,5.765310125323597
CCCSC1=N[C@H](C(=O)OC)[C@@H]2C(=O)N(c3ccccc3)C(=O)[C@H]12,5.190299088557634,4.472368657873124,5.5991626767572
Cn1cc(Nc2nccc(-c3cnc(N4CCC[C@@H]4C(=O)O)c(C#N)c3)n2)cn1,6.25992835567929,5.5720197332633745,5.4716102971377145
c1ccc2c(NCCN3CCN(CCCN4CCCCC4)CC3)c3c(nc2c1)CCCC3,6.868841454856772,5.259814473701564,5.847546342948551
CC(C)[C@H](NC(=O)[C@H](CC(=O)O)NC(=O)C1(NC(=O)C2(NC(=O)[C@@H](N)Cc3ccc(O)cc3)CCCCC2)CCCCC1)C(=O)N[C@H](C(=O)NCC(N)=O)C(C)C,6.716771204977904,5.3049030856504915,5.467319172492268
CCC(c1ccccc1)C(CS)C(=O)O,6.15443530525643,5.051676947038327,5.2444975529338365
NS(=O)(=O)CCCC(=O)N1CCC2(CC1)c1ccccc1CC2O,6.095995216766653,4.9706786065413056,5.708540432950602
O=C(Cn1nnc(-c2ccccc2F)n1)N1CCCCC1,5.901195668878814,5.899577876731188,5.520453415547287
CC(C)NCc1cccc(-c2cccc(-c3nc4cc(F)ccc4[nH]3)c2)c1,5.867068465546002,5.187975044797136,6.035771088209982
C#Cc1c(C(=O)NN2CC3CCCC3C2)nc(-c2ccc(Cl)cc2Cl)n1-c1ccc(Cl)cc1,5.943536162812595,5.347281170052799,6.122969586483687
CC(C)[C@H](N/C(=N\S(=O)(=O)c1ccc(Cl)cc1)N1CC(c2ccccc2)C(c2ccc(Cl)cc2)=N1)C(=O)NCC(N)=O,6.4835272046922885,4.7614482582169195,5.686508047273501
CCCCCCCCCCCCCCCC(=O)NS(=O)(=O)Oc1ccc(Cl)c(Cl)c1,6.163578263390793,4.895714822815732,5.618432738547325
CC[C@@]1(C)CCC[C@@]2(C)[C@H]1CC[C@@]1(C)[C@@H]3C[C@H](O)[C@H]4[C@H](C)O[C@@H](O)[C@@H]4[C@@]3(C)[C@@H](OC(C)=O)C[C@H]21,5.533669758739581,4.333849916943296,5.06640228497396
CC(=O)N[C@@H](CCC(N)=O)C(=O)N[C@@H](CC(C)C)C(=O)N[C@@H](CC(=O)O)C(=O)N[C@@H](CC(C)C)C(=O)NCC(=O)O,6.492874267766016,5.31781530864518,5.391239500231043
CS(=O)(=O)Nc1ccc2c(c1)S(=O)(=O)N=C(C1=C(O)[C@H]3[C@H]([C@H]4CC[C@@H]3C4)N(Cc3ccccc3)C1=O)N2,6.067491329814484,5.240190402460367,5.805354777192307
CC(Nc1ncnc2c(C(N)=O)cccc12)c1cccc(NC(=O)C(F)(F)C(F)(F)F)c1,5.357193585680782,5.14876104272143,6.082694878329062
N=C(N)NCCC[C@@H]1NC(=O)[C@@H](Cc2c[nH]c3ccccc23)NC(=O)CSC[C@@H](C(=O)O)NC(=O)[C@H](CC(=O)O)NC(=O)CNC1=O,5.538241629434855,5.473089078818569,5.0559394612593795
OC1(c2ccc(Cl)cc2)c2ccc(CN3CCCC3)cc2C2=NCCN21,5.369897577711267,5.271308072052087,5.89672105458428
CCC(C)[C@H](N)C(=O)OCC(CCn1cnc2c(O)nc(N)nc21)COC(=O)[C@@H](N)C(C)CC,7.179044187370344,4.926773547321788,6.172097965873405
CCOc1ccc(-c2ccc(S(=O)(=O)N[C@@H](C(=O)O)C3CCN(C(=O)OC(C)C)CC3)s2)cc1,6.022141803644481,4.849598446481717,5.446855474242803
Cc1c(C=O)c2cc(OCc3ccccc3)ccc2n1C,5.5636894895716775,4.9882383938095725,5.73005418037286
CCC(c1nc2ccccc2c(=O)[nH]1)N1CCN(C(=O)Nc2ccc(Cl)c(Cl)c2)C(C)C1,5.903621233518022,5.497833763033693,6.471594569300073
CC1CCCCC1NC(=O)Cn1c(=O)oc2cc(S(=O)(=O)N3CCCC3)ccc21,6.035192085008195,5.337527918792691,5.685621284413877
COC(=O)Cc1c[nH]c(=O)c2cccn12,5.477096256984125,4.433943598026297,5.228611763424128
COc1cc(O)c2c(=O)c(-c3ccc(O[C@@H]4O[C@H](CO)[C@@H](O)[C@H](O)[C@H]4O)cc3)coc2c1,5.193468688814278,4.707568287928749,4.738049568395013
CC1(C)Cc2c(cnn2-c2ccccc2)C(NC(=O)CCN2CCCCO2)C1,6.345271541815024,5.254243961657543,5.732049777480069
Cc1cccc(OCC(=O)N2CCN(Cc3ccncc3)CC2)c1,5.424188228497169,5.10341203873078,5.515131709641692
COc1ccc(CN2CCN(Cc3ccc4ccccc4c3)CC2)cc1OC,5.374201582000499,4.514837074409106,5.843853325058533
COc1cc(NC(C)CCCN)c2nccc(CCC3CCCCC3)c2c1,6.148072133031542,5.4623439183845255,5.858972854571123
Cc1ccc(S(=O)(=O)Nc2ccc3c(c2)CC(=O)N([C@H](C)CO)C[C@@H](C)[C@H](CN(C)S(=O)(=O)c2ccccc2)O3)cc1,6.463714398182844,4.985088590686249,6.106127076054017
O=C1c2cccnc2S[C@H]2[C@@H](O)[C@@H](O)[C@H](O)[C@H](CO)N12,5.6990592437061,4.7744181839159054,4.919946942896404
OCCCNc1cncc(-c2ncnc(Nc3cccc(Cl)c3)n2)c1,5.874608575977487,5.060854297932484,6.679425251006731
CN(C)C(=O)Oc1ccc2ccccc2c1Cl,5.701335311019433,4.907369845642861,5.825549673805007
O=C(c1ccncc1)c1cc(Cl)ccc1NS(=O)(=O)c1ccc2c(c1)CNCC2,5.308325547391957,5.390974354462436,6.677436840640235
CNc1nc(NC)c2ncn([C@@H]3O[C@H](C)[C@@H](O)[C@H]3O)c2n1,5.918517542375432,4.6194236859815,5.870684068958619
O=C(Cc1cccs1)N1CCN(S(=O)(=O)c2ccc(F)cc2)CC1,5.943313668100206,5.49468180333883,5.522074693769578
Cc1nc(-c2ccc(Cl)cc2)c(-c2ccc(S(N)(=O)=O)cc2)s1,5.9980813744608295,4.701649491192253,5.971725753025419
Cc1cnc(NC(=O)[C@@H]2C=CCN2C(=O)[C@H](CC2CCCC2)CN(O)C=O)s1,5.948463891677202,5.177090089505067,6.752457180539708
COC(=O)c1c(N2C(=O)CC(Sc3ncccc3C(=O)O)C2=O)sc(C)c1C,5.59080267509652,5.198270346141852,5.8136586498249425
Cc1ccc(-c2noc(CNc3ccccc3)n2)cc1,5.796758360297006,4.874755181624305,5.980688021490468
O=C1C(=O)N(Cc2cc3ccccc3s2)c2ccc(I)cc21,5.306190352689515,4.656655190281729,5.1852394271092574
Cc1nc2sccn2c1C(=O)N1CCC[C@H]1C(=O)Nc1ccc(/C=C/c2ccc(NC(=O)[C@@H]3CCCN3C(=O)c3c(C)nc4sccn34)cc2)cc1,6.476132578387075,5.096449935455012,6.152180378606997
Cc1ccc2c(c1)sc1nc(-c3ccc(Br)cc3)cn12,5.879183172870768,4.978853046845132,5.285275982506627
O=C(NO)c1ccc(CN2c3ccccc3NC(=O)[C@@H]2Cc2cccs2)cc1,4.824181497071303,4.834087840979283,6.223540153088074
Cc1ccc(C(=O)NC(Sc2ccc([N+](=O)[O-])cc2)C(Cl)(Cl)Cl)cc1,5.46729329860522,4.6429976912944335,6.463073632534017
Cc1cc2cc3c(cc2nc1SCC(=O)OC(C)C)OCO3,5.93029877546906,5.176385749609798,5.54814189121423
CS(=O)(=O)c1ccccc1C(=O)N1CCN(S(=O)(=O)c2ccc(C3CCCCC3)cc2)CC1,6.261462525176962,4.983299934816352,5.83786541289124
COc1ccc(CNc2ncnc3c2ncn3C2CCCCO2)c(OC)c1,5.903906249421649,4.836506044455618,5.924489959025535
CC1(C)N=c2[nH]cnc2=C(C(N)=O)N1,5.5699860317251035,4.782413984647987,5.5217157872895175
CC(C)c1ccc(N)c(S(=O)(=O)O)c1,5.8314056871867095,4.9606022491849515,5.5867628175266155
CCC(CC)O[C@@H]1C=C(P(=O)(O)O)C[C@H](N/C(N)=N/C(=O)CSc2ccc3ccccc3c2)[C@H]1NC(C)=O,5.6061260480043025,4.652273788093675,5.1641915886148695
COC[C@@H](C)n1c(-c2cnc(OC)nc2OC)nc2c1C(c1ccc(Cl)cc1)N(c1cc(Cl)cn(C)c1=O)C2=O,5.56530397185784,5.6636586297408975,6.078179855770296
O=C(c1nn(-c2cccc(-c3cnn(CCN4CCOCC4)c3)c2)c2c1CS(=O)(=O)c1ccccc1-2)N1CCOCC1,6.537794719219274,5.205017380542983,5.697106022543716
CCC(C)(O)c1cn(-c2ccc(S(=O)(=O)O)cc2)nn1,5.671119044709443,5.048350832326243,5.346394649424955
COc1cc(C(=O)NCCOc2cccc3cccnc23)cc(OC)c1OC,5.023280933539939,4.980787766524891,5.402560927642208
CCOc1ccc2c(c1)Oc1cc(OC(=O)c3ccccc3Cl)ccc1C21c2ccccc2C(=O)N1/N=C/c1ccccc1[N+](=O)[O-],5.776462040247037,4.929338504255054,5.574035598890539
CCOC(=O)c1c(-n2c(-c3ccccc3)nc3c(Br)cc(Br)cc3c2=O)sc2c1CCCC2,6.274534432364927,4.991806029072855,5.867669474690875
O=C(CSc1nc2c(oc3ccccc32)c(=O)n1-c1ccccc1F)Nc1ccccc1,5.844260141151796,4.831128537727684,5.926382430997844
c1ccc(-c2c[nH]c(CSc3nc4ccccn4n3)n2)cc1,5.615402416901154,5.114208718112245,5.904423660185545
COc1ccc(C2=NN(C(S)=Nc3ccccc3)C(c3ccccc3)C2)cc1,5.648106806285486,4.675337765988737,6.1461293270934645
CN1C2CCC1CC(N1C(=O)c3cccc4cccc(c34)C1=O)C2,5.429563238539977,5.6410435154711225,5.574773106119612
Nc1nc(N)c2c(OCc3ccccn3)cccc2n1,5.727838722287164,5.195828504923611,5.449834924263294
Cc1cc(C)n2cc(CSc3nc(-c4ccccc4)cn3C(C)C)nc2n1,5.942218041139707,5.125926251554809,6.006950201392819
CC(Nc1nc(C(F)(F)F)nc2ccccc12)c1ccccc1,6.036589752874262,5.524993226692317,6.190557541053745
COc1ccc([C@H]2CC(=O)C=C(c3cccc(OCc4ccccc4)c3)C2)cc1,5.295853438903512,4.672625222333209,5.581331214157529
CCCC[C@@H]1[C@H]2CCCN3CCC[C@@H](CN1S(=O)(=O)c1ccc4oc(=O)ccc4c1)[C@@H]23,6.317293078123311,5.087264831815461,5.87392365522697
O=C1Nc2cc(Cl)ccc2[C@@]12ON=C(c1ccccc1)[C@@H]2c1ccccc1,6.118797804846217,4.910952228988642,5.376338528983009
CCCCP(=O)(O)OCC,5.868108613930742,4.852469113519058,5.239342330845928
Cc1cccc2c1nc(-c1c(F)cccc1F)n2S(=O)(=O)c1ccccc1,5.604153935535473,4.843521698011858,5.93296792001077
CC(C)(C)n1ncc2c(=O)n(Cc3cccc(-c4cccs4)c3)cnc21,5.50507710675408,5.162369235525818,5.618125612353037
COc1ccccc1Cc1c(-c2cccc(Cl)c2)nc2ccc(Cl)cn12,5.67877871179237,5.438310106759373,5.7692377017572145
Cc1cnn(C(=O)CCCCc2ccccc2)c1,5.714493912106605,5.115151372838802,4.9703599019158835
Fc1cccc(Cl)c1CO[C@@H]1c2ccc(Cl)cc2S[C@@H]1Cn1ccnc1,6.090939557981935,5.089566626093364,6.441121712534221
Cc1nc(C)c(C(=O)Nc2ncc([N+](=O)[O-])s2)o1,5.320634044427245,4.748223644446131,6.594434359509296
O=C(O)c1ccc(-n2c(/C=C/c3ccccc3)nc3ccc(I)cc3c2=O)cc1,5.50146617804403,4.712388932235609,5.481809476928909
CCOC(=O)[C@@H]1CCSCC/C(N)=N\1,5.786356965502805,4.526566895764841,5.586682015302212
COc1cc(/C=C/C(=O)C2(C(=O)/C=C/c3ccc(O)c(OC)c3)CCC=C[C@@H]2c2cc(OC)c(OC)cc2OC)ccc1O,5.6844965117494795,4.406481940891512,5.344328517569479
O=C(O)C[C@H](O)CC(O)COc1c(Cl)cc(Cl)cc1C(F)=C1CCCCC1,6.751965975212868,4.902058412518777,5.163658396097387
CC(C)C[C@H](NC(=O)[C@H](Cc1ccccc1)NC(=O)C(C)(C)N)C(=O)N[C@@H](Cc1ccccc1)C(=O)N[C@@H](CCCNC(=N)N)C(=O)N1CCC[C@H]1C(=O)N[C@@H](CCCNC(=N)N)C(=O)N[C@@H](CC(N)=O)C(N)=O,6.171283127070111,5.229213891559233,5.61688160254407
CNc1ccc2oc(-c3cc(-c4cnn(C5CCNCC5)c4)cnc3N)nc2c1,5.497881505081284,5.519603469507409,5.952878048635966
CN(C)c1ccc(/C=C/C(=O)C2CCc3ccccc3C2=O)c([N+](=O)[O-])c1,5.196905560712238,4.734719471490572,5.841999748918238
C[C@@H]1CCCCCCCc2cc(O)cc(O)c2C(=O)O1,6.190155077729258,4.656940979648726,5.066125067351373
Cc1cncc(NC[C@H]2CC[C@H](NC(=O)c3cc(C(F)(F)F)ccc3Cl)CC2)c1,6.020020737711792,5.250332421489015,6.738436608949562
CCS(=O)(=O)N1CCC(c2nc(-c3ccc(C)cc3)no2)CC1,5.87231306528748,5.395719315693748,5.780861003542105
Cc1nc2c(OCc3ccccc3)cccn2c1CCC#N,5.592097717926055,5.211782334706454,6.368763616530324
CCn1c(SCC(=O)c2c(N)n(C3CC3)c(=O)[nH]c2=O)nnc1-c1ccoc1C,5.321633424245768,5.037529061874817,5.568263346519331
Cc1ccc2nc(C)cc(C(=O)OCC(=O)c3ccc(-c4ccccc4)cc3)c2c1,5.141491719682669,5.281312954020185,5.691208563363023
O=c1c2ccccc2[se]n1-c1ccc(F)cc1,5.431238074393246,5.220794679934996,5.423132756105507
O=C(O)CCC(Nc1ccc([N+](=O)[O-])cc1[N+](=O)[O-])C(=O)O,5.623423522046108,4.317492028689439,6.031749870524663
O=S(=O)(Nc1ncns1)N1CCc2c(cccc2-c2ccc(C(F)(F)F)cc2-c2cncnc2)C1,6.198630143870455,5.720457763692918,5.760168994119961
O=C(O)CCN1Cc2ccccc2C1=O,6.145876145266146,4.785082118100245,5.107649273313891
CC(C)[C@H]1Cc2cc(Br)cc3[nH]c(=O)c(=O)n(c23)[C@@H]1CC(=O)O,5.598831431951356,5.690702088018702,5.450861688965317
CCCC(C)(C)C(=O)NC[C@H](Cc1ccccc1)N1CCC(O)(C(F)(F)F)CC1,6.214573283518777,5.357734625803609,5.938037940251611
COc1ccc(NC(=O)CCCc2nnc3n(CCC(C)C)c(=O)c4sccc4n23)cc1Cl,5.9855158348120145,5.207774468313967,6.331001361548422
CCC(C(=O)N1CCOCC1)n1c2ccccc2c2nc(=O)cc(C)n21,5.735902317887268,5.994107150279899,5.577522511104365
CCN(C(C)=O)c1ccc(OC)c2nc(NC(=O)[C@@H]3CC[C@@H](NC(=O)c4cccc(C(F)(F)F)c4)C3)sc12,5.409546543201722,5.1955815565052434,5.914529680572745
Cc1ccc2c(C)nc(N=C(N)NS(=O)(=O)c3ccc([N+](=O)[O-])cc3)nc2c1,5.714736139005534,4.791022444863406,6.469594180503702
C=Cn1cc(C(=O)O)c(=O)c2cc(F)c(N3CCC(NC(C)=O)C3)nc21,5.817075170100869,6.097575066077434,5.760970067879417
CO/C=C(/C(=O)OC)c1ccccc1COc1cccc(C(F)(F)F)c1,5.592498469206943,5.333811493328969,5.483396051543007
N#Cc1c(-c2ccc(-c3no[n+]([O-])c3C#N)s2)no[n+]1[O-],5.358937073133785,4.778124677894544,5.592832610438008
N[C@@H](Cc1ccccc1)C(=O)NCCSSCCNC(=O)CCCC(=O)NCCSSCCNC(=O)CCCC(=O)NCCSSCCNC(=O)[C@@H](N)Cc1ccccc1,6.240444833088028,5.000469424464447,5.832726077998538
Oc1ccc(Br)cc1-c1cncn1CCNc1cccc2ccccc12,5.893793812159434,4.770918322026184,5.508771778034373
CCOC(=O)CNC(=O)C(CC(=O)Nc1ccc(Br)cn1)NC(=O)c1ccc(-c2ccccc2S(N)(=O)=O)cc1,5.299783880199401,5.583044328994103,5.387328967297193
C/C=C(\NC(=O)[C@H](NC(=O)[C@H](CC(C)C)NC(=O)[C@@H](CCC(N)=O)NC(=O)[C@@H](NC(=O)[C@H](NC(=O)[C@@H](CC(C)C)NC(=O)[C@@H](CO)NC(=O)[C@H](NC(=O)[C@H](CC(C)C)NC(=O)[C@H](CO)NC(=O)[C@H]1CCCN1C(=O)/C(=C/C)NC(=O)CC(O)CCCCC)C(C)C)C(C)C)C(C)C)C(C)C)C(=O)N[C@@H](C(=O)N[C@H](C(=O)N[C@@H](CCO)C(=O)N[C@H](CCN)C(=O)N[C@@H](CCCCN)C(=O)O)[C@@H](C)CC)[C@@H](C)O,7.253295759468381,5.141219538697138,5.592816307286432
O=C(c1cc(-c2ccccc2)n[nH]1)N1CCC2C=C(S(=O)(=O)Nc3ncccn3)C=CC21,5.97813088044654,5.424168031567844,5.506219740878965
C=C(C)Cn1c(SCC(=O)N2CCCCC2C)nc2sc3c(c2c1=O)CCCC3,5.928678568881635,4.6761636720218025,6.001668331358113
CC1(C)CC(Nc2nc(-c3cccc(-c4ccccc4)c3)cs2)CC(C)(C)N1,5.770682633607058,4.904908665172561,5.859323999742828
COc1cccc(-c2nc3nc(N)nc(N)c3nc2-c2cccc(OC)c2)c1,5.263905349673616,4.898152500138334,6.143768798512147
CC(=O)c1ccc(-c2ccc(CC3(C)SC(=O)C(C)=C3O)cc2)cc1,5.654681528186391,4.976842188952472,5.388147465226767
CCO/C(CCn1[nH]c(=O)c(Cl)c(Cl)c1=O)=N\NC(=O)C(=O)NN,5.6175115500855926,4.559773449002925,6.052169297031968
COC(=O)c1ccc(/C=C(\C)c2ccc3c(c2)C(C)(C)CO3)cc1,5.856080517904345,4.684393595592436,5.242478201955906
CC[C@@]1(O)C(=O)OCc2c1cc1n(c2=O)Cc2c-1nc1ccccc1c2/C=N/OCCN,5.536500836071715,5.984951589247604,5.369423346109487
CN(Cc1cc2ccccc2nc1O)C(=O)COc1ccccc1,5.374059360463791,5.274591730506839,5.421857446244207
Cc1cn(-c2cccc3ccccc23)cc1C(=O)N1CCC(CO)CC1,5.853961072511894,5.163837817115905,5.47644329407775
Cc1cc(Cl)ccc1OCC(=O)Nc1cccc(-c2nc3ccccc3o2)c1,5.525263533196766,4.711028146333505,5.928025739614531
CCn1nc(C)c2ccn(CC(=O)NC(C)C)c(=O)c21,5.815953867250689,5.7406277322679635,5.6615250509641575
C[C@@H](Oc1cccc2cccnc12)C(=O)NC[C@@H](O)CN1CCc2ccccc2C1,5.678866734557212,5.7521079595014335,5.666892085219657
CCCCOC(=O)N1CCN(C(=O)[C@H](CCC(=O)O)NC(=O)c2cc(N3CCC(CNCC)CC3)cc(-c3ccccc3)n2)CC1,7.0698804000398,5.7868944942506095,6.074278372257578
CNS(=O)(=O)Nc1cccc(Cc2c(C)c3ccc(Oc4ncccn4)cc3oc2=O)c1C,6.068104280560067,4.999279930991035,6.561627265199224
COc1ccc(C(CC(=O)c2cc3ccccc3o2)Nc2ccccc2)cc1,5.568937144693746,4.700791618870912,5.741440634819894
CNC(=O)C(O/N=C(\C(=O)N[C@@H]1C(=O)N(OS(=O)(=O)O)C1(C)C)c1csc(N)n1)c1cc(=O)c(O)cn1O,5.020187202528824,5.032950984791432,5.551086751471014
COc1cc(CNCCCCCCNC2=CC(=O)C(NCCCCCCNCc3ccc(O)c(OC)c3)=CC2=O)ccc1O,6.366900004675698,4.85487330517495,5.785428077104871
Cc1nc2sccn2c(=O)c1S(=O)(=O)Nc1cccc(Cl)c1C,5.177417507595769,4.878902189162454,6.048009657558847
CCOC(=O)ON1C(=O)c2ccccc2C1=O,5.395027629500103,4.7994676788742625,5.433946045694057
COc1ccc(Cl)cc1N1C(=O)CC(Sc2ccccc2N)C1=O,5.592323003161376,4.6158784440103435,5.713068882378649
CCCCOC(=O)/C=C(\COC(=O)CCC)OC1OC(COS(=O)(=O)O)C(OC2OC(C(=O)OCCCC)C(OC3OC(COS(=O)(=O)O)C(OC4OC(C(=O)OCCCC)C(OC5OC(COS(=O)(=O)O)C(O)C(OC(=O)CCC)C5NC(C)=O)C(OC(=O)CCC)C4OS(=O)(=O)O)C(OC(=O)CCC)C3NC(C)=O)C(OC(=O)CCC)C2OS(=O)(=O)O)C(OC(=O)CCC)C1NC(C)=O,6.323911549590492,4.983573609110365,5.520307634193767
CC(=O)Nc1ccc(-c2nc3ccccc3s2)cc1I,5.666862730293538,4.921122018659871,5.486397038231018
CC(C)Cn1ccc2c(Oc3ccc(N)cc3)ncnc21,5.813721940899155,4.766678023971553,6.0481774607276
CC(C)C[C@@H](C=O)NC(=O)[C@@H](NC(=O)c1ccc(C=O)n1C)C(C)C,5.340101099207695,4.992933275605821,5.424415637661302
CCOC(=O)C1=CC[C@@H](c2cccc(Br)c2)N(S(=O)(=O)c2ccc(F)cc2)[C@H]1c1cccc(Cl)c1,6.568348533558083,4.6336472109746545,5.683779191344246
CSc1nnc(COc2ccccc2)n1-c1ccccc1,5.436900192633292,4.698675964686459,5.9541839650186015
O=C(OC(C(=O)NCc1ccc2c(c1)OCO2)c1ccc(Cl)cc1)c1ccco1,5.346207074795342,5.13123908033841,5.592155284161179
O=C(NN=Cc1ccccc1Cl)c1cc(Cl)ccc1C(=O)NC1CCCCC1,5.639591013975508,4.7741579419850835,5.719142307310647
Cc1cc(Nc2cc(C(F)(F)F)ccn2)nc(-c2ccc(NC3CCN(C(=O)Cc4cccc(Oc5ccccc5)c4)CC3)nc2)c1,6.56381590570401,5.772689248038348,5.995161581289044
CNC(=O)c1ccc(Nc2nc(OC3CCCC3)c3c(-c4cccc(O)c4)c[nH]c3n2)c(OC)c1,5.609836237492544,4.950640156987012,6.100211812037321
CC(C)COC(=O)N1CCC(=C2c3ccc(Cl)cc3CCc3cccnc32)CC1,6.05879609675175,5.317869462825877,5.760696062319301
Cc1ccc(SSCC(=O)O)cc1,6.173303283072965,4.658086302029599,5.4601507474661535
CC(C)[C@@]1(C)COC(=O)N1c1ccnc(N[C@@H](C)c2ccc(CN3CCN(C)CC3)cc2)n1,6.365703698397118,4.979989011043398,6.197191894925968
NC(=O)c1cc2c(=O)[nH]c(=O)n(C3CC3)c2nc1N,5.0297951193324035,5.082325853300549,5.782666347486884
CCCc1c(OCCCOc2ccc(OCC(=O)OC)cc2)cnc(C(C)=O)c1O,5.315428184348557,4.563064686393805,5.667996998849372
C[C@H]1COC2(CCC(C(=O)Nc3cc([N+](=O)[O-])cc([N+](=O)[O-])c3)CC2)O1,5.284717619081872,4.868478737570189,5.9458482435240105
COc1cc(C(=O)Nc2c(C(=O)O)[nH]c3ccc(C)cc23)cc(OC)c1OC,5.189998558425262,5.0831348662437446,5.525987738282956
O=C(COC(=O)c1cc2c(s1)CCCCC2)NC1CCS(=O)(=O)C1,6.031200260908494,4.631496653776905,5.743360552211129
O=C(C1=C(O)C(=O)N(Cc2cccnc2)C1c1ccccn1)c1ccc(F)cc1,5.131482920365998,6.302930492489995,6.044398133381673
Clc1ccc2[nH]c3c(c2c1)CN(CCCCc1ccncc1)CC3,5.570540765069123,5.615718860549095,5.991878736968744
CC(C)Cc1ccc(C(C)c2nn(CN3CCN(c4ccc([N+](=O)[O-])cc4)CC3)c(=S)o2)cc1,6.560637568060165,4.640953287516408,6.519826623122928
CC(C)(C)OC(=O)NC(C(=O)N1CCC[C@H]1C(=O)N[C@H](C=O)CCCN=C(N)N)c1cccc2ccccc12,5.163175109049629,5.296635694934128,5.793960888046222
CC(C)c1c(O)ccc2c1CC[C@H]1C(C)(C)c3[nH]c4c(Cl)cc(Cl)cc4c3C[C@]21C,6.310597239707118,5.2690892371316105,5.901156832822436
O=c1oc(NCc2ccccc2I)nc2ccccc12,5.5895907170997745,4.740719273109979,5.723058349841573
O=C(Nc1ccccc1Br)Nc1cc(C2(C(F)(F)F)CC2)nn1-c1ccccc1,6.209536126340032,5.013106191511641,6.504712826731777
C[C@H](O)c1ccc(-c2nc(C(=O)Nc3cnn(C)c3[C@@H]3CC[C@@H](N)[C@H](F)CO3)cs2)c(F)c1F,5.953377574455889,5.560462743016026,6.271086121934495
c1coc(-c2cncc(N3C[C@H]4CNC[C@H]43)c2)n1,5.881471676983942,5.340257986432046,5.451059846135429
Cc1cc(C)c(-n2ccn3nc(-c4cccnc4)cc23)cc1NC(=O)c1cccc(C(C)(C)O)c1,6.088878396143408,5.312418675312098,6.5498318881468025
C=C1CC[C@]2(N=C=S)[C@@H](C)CC[C@@H]3[C@@H](C)C[C@@H](CC(C)(C)N=C=S)[C@H]1[C@H]32,6.046298992376717,4.636085150889984,5.583078361279979
CCC[C@@H](O)c1cc2cc(OC)c(OC)cc2c(=O)o1,5.886922467693733,4.7780397137538095,5.158897522881587
O=C(Nc1ccc2c(c1)CCC2)c1ccc(N2CCN(c3ccncc3)CC2)cn1,5.459793341323159,5.538528566527718,5.969042991215542
Cc1nn(-c2ccc([N+](=O)[O-])cc2)c(O)c1/C=N/CCc1c(C)[nH]c2ccccc12,5.7151986907552335,4.840809420314013,6.293850123540132
O=C(NCC1CCN(Cc2ccccc2)CC1)c1c(O)c2cc(O)c(O)cc2[nH]c1=O,4.78958850224405,5.899516050851557,5.191383319474635
CN1C(=O)N[C@H]2[C@@H]3NC(=O)c4cc(-c5ccccc5)c(-c5ccccc5)n4[C@@H]3C[C@]21O,5.810644778626507,5.409921929551721,5.369999387724707
COc1ccc(CNCC(O)(c2ccccc2)c2ccc(F)cc2)cc1OC,5.6444000830536085,4.772860366145206,6.371121732847968
Cc1cnc(-c2cccc([N+](=O)[O-])c2)n2nc(N3CCOCC3)nc12,5.935116531485421,5.113974560350509,6.115152902813959
CCCn1c(=O)n(CCN(C)C)c(=O)c2[nH]cnc21,5.507380741262134,4.592831202782705,5.6501050720142
CCOC(=O)C1=NNC(=O)C1,5.824715277125652,4.5495182070009745,5.671495172293399
N#CC1=C(N)Oc2c(ccc3cccnc23)C1c1ccncc1,5.031037702926665,5.905967199719761,5.582139879830536
CC(=O)N/C(=C\c1ccccc1)C(=O)NC(C)C(=O)O,5.732995534040571,4.697520345524352,5.191009756707364
COCCN(Cc1csc(C(=O)Nc2c(OC)cc(Cl)cc2C(=O)Nc2ccc(Cl)cn2)c1Cl)C1=NCCO1,6.6618293464233655,5.375484150552892,6.020367681448076
CC(=O)N[C@@H](CCCCNC(=O)/C=C/c1ccco1)C(=O)N[C@@H](C)C(=O)N[C@@H](CCCCN)C(=O)N[C@@H](CCCCN)C(=O)N[C@@H](CO)C(=O)N[C@@H](CCCNC(=N)N)C(=O)N[C@@H](CCCNC(=N)N)C(=O)N[C@@H](CSC/C=C(\C)CC/C=C(\C)CC/C=C(\C)CCC=C(C)C)C(=O)N[C@H](C(=O)N[C@@H](CC(C)C)C(=O)N[C@@H](CC(C)C)C(=O)O)C(C)C,7.105923460192736,5.046718479364929,5.797922136637067
Cc1cc(C)n(CCN(C)Cc2nc(Cc3ccccc3F)no2)n1,5.783663763970979,5.787466629975049,6.657396380900519
CC(CC(=O)N(C)C)CC(=O)N1CCN(C(c2ccccc2)c2ccc(Cl)cc2)CC1,5.819543640484577,4.926489075687358,5.885121098496008
c1ccc(CNc2ccncc2-c2nnc(Nc3ccc4c(c3)OCCO4)o2)nc1,4.835645849664594,5.109174460324895,6.145117949391686
Cc1ccc([C@H]2C[C@@H]2COc2nc(C)ncc2-c2ccn(C3CC3)c(=O)c2)nc1,6.506533252310251,6.191136910494539,6.042457566202662
Oc1cc2c(cc1O)[C@@H]1c3sc(CC4CCCC4)cc3CN[C@H]1CC2,6.118995206731524,4.50962255589256,5.480249514907896
Cc1ccc(-c2cc3c(N[C@@H](Cc4ccccc4)P(=O)(O)O)ncnc3s2)cc1,5.996974728231648,4.6971110522962825,5.669906367027584
OC[C@H]1O[C@](O)(CO)[C@@H](O)[C@H](O)[C@H]1O,5.6949219400341065,4.464269097954561,5.165734729146427
CNC(C)C(O)c1ccc(O)cc1,5.7844279912675916,4.466945021634041,5.281247733750469
O=C(O)C=C1CCCC1,6.063115497644139,4.763458731973515,5.181021610407349
COC(=O)N[C@H](C(=O)N1CC(C)(C)C[C@H]1c1ncc(-c2ccc(-c3ccc4c(ccc5nc([C@@H]6C[Si](C)(C)CN6C(=O)[C@@H](NC(=O)OC)C(C)C)[nH]c54)c3)cc2)[nH]1)C(C)C,7.219437724702296,4.9850004469302265,6.2202850196340655
CC(NC(=O)NCCCn1cccn1)c1ccc2c(c1)NC(=O)CO2,5.928294451104821,5.148755422937097,5.922085838216921
Cc1ccccc1NC(=O)c1c(C)oc2ccc(O)c(CN3CCCC(C)C3)c12,5.762958249272372,5.480184727960062,5.867255507470044
O=c1c2ncn3nc(-c4ccccc4)cc3c2c(-c2ccncc2)nn1Cc1ccccc1,5.608483925691943,5.147278559016961,5.927057198483295
O=C(O)c1ccc(Cn2c(-c3ccoc3)c(C3CCCCC3)c3ccc(C(=O)O)cc32)cc1,5.229018674712397,4.488345209498705,5.064480092871796
Cc1cc(NC(=O)Cn2cnc3sc(C)c(C)c3c2=O)no1,5.271695096211366,4.939868773803412,6.573870968753756
COc1cccc(-c2cc(C(=O)NCCc3c(O)cc(OC4CCN(C)CC4)cc3-c3cccc(F)c3)ccc2OC)c1,6.876216403809796,4.930427478471618,5.848803271717113
Cc1ccc(Oc2nc(C)ccc2/C(=N/O)N2CCSCC2)c(C)c1,5.721207649833203,5.52561324974982,6.366677397647643
O=[N+]([O-])c1cc(Cn2nnc(SCc3ccc([N+](=O)[O-])cc3[N+](=O)[O-])n2)cc([N+](=O)[O-])c1,5.4764700906365285,4.659798087060467,6.605293662838817
N#Cc1cc(N2CCN(CC[C@H]3CC[C@H](NC(N)=O)CC3)CC2)cc(C(F)(F)F)c1,6.512093917856658,5.0120584591901896,6.610527786993983
CCSc1nc2ccccc2c(=O)o1,5.489103840433346,4.7592532137210695,5.291422337441719
Nc1nc(O)c2ncn([C@@H]3CC(F)(F)[C@H](CO)O3)c2n1,6.04686914670305,5.176766955101711,5.35037569672498
CC(C)(C)OC(=O)N[C@@H](Cc1ccccc1)[C@@H](O)C[C@]1(Cc2ccccc2)CCCN([C@H]2c3ccccc3C[C@H]2O)C1=O,6.374972432769325,4.996696792127912,6.1854365920635574
CCNC(=O)Nc1nc2cc(-c3cccnc3)cc(-c3cn[nH]c3)n2n1,4.800728227053853,5.6172367685884375,5.470731972105346
COc1ccc(CNc2cc(-c3ccccc3)nc(N3CCN(C)CC3)n2)cc1,5.6254966465824,4.952251623682471,5.826635900224826
[C-]#[N+]C1=C(C)Nc2oncc2C1c1ccc2[nH]nc(OC)c2c1,5.512243040980162,5.15687668052148,6.307403040782344
CCOc1cccc(CNCCc2c(C)[nH]c3ccc(OC(F)(F)F)cc23)c1O,5.72349670966964,5.362515482580904,5.932368636457831
Fc1ccc(COc2ccc(C(OCC3CC3)C3CC3)cc2)cc1,5.874210235932123,4.748159055220774,5.5666161413972075
CCN(CC)C(=O)[C@@H]1CC[C@@H](NC(=O)c2ccc3[nH]nc(-c4ccc5nc(C)sc5c4)c3c2)CN1Cc1c(F)cccc1OC,8.03439606953593,5.348174680076486,6.251584369779573
CC(C)(C)c1cc(I)c(O)c(CNC2=NCCS2)c1,5.586155555862501,5.085984180129225,5.564770450229132
O=S1(=O)NCN(C2CC2)c2c(Cl)cccc21,6.08405027991666,4.578899314525836,5.519376451194324
CN(CC(=O)O)NC(=O)C[C@H](N)c1csc(CCNC(=O)OC(C)(C)C)n1,6.002299583236074,4.398915600262481,6.1810229921937
Cc1ccc(NC(=O)Cn2c(=O)n(Cc3nc(-c4ccccc4)no3)c(=O)c3ccccc32)c(C)c1,5.742535755306915,5.253558789780705,6.4400641114416945
CCn1c(SCC(=O)N2CCOCC2)nc2ccccc21,5.903159709849631,4.566575710386929,5.510918220075677
c1ccc(Nc2ncnc3c2ncn3CC2CC2)cc1,5.559029635691594,4.671125883096119,5.805344699289512
Cc1nn(C)c2nc(N3CCNC(=O)C3C(C)C)sc12,5.807696497636105,4.838946620096411,6.3320920355661565
CC1=C(C(=O)OC(C)C)C(c2ccsc2)NC(=S)N1,5.88258508574881,4.99403887114714,5.62192829650088
CCN(CC)S(=O)(=O)c1ccc(OC)c(NC(=O)c2cc3c(=O)n4ccccc4nc3s2)c1,4.92267697070767,5.104177044734263,5.900022741677283
CCC[C@H](NC(=O)[C@H](Cc1ccc2ccccc2c1)NC(=O)[C@H](CCC(=O)O)NC(=O)C(N)CNC(=O)[C@H](CC1CCCCC1)NC(=O)[C@@H](N)Cc1ccc2ccccc2c1)C(=O)O,5.780407352704234,5.564565456106958,5.366125963704928
CN(Cc1c(F)cccc1Cl)C(=O)CNC(=O)c1cccs1,5.808366980608602,5.352633398586765,6.4605354534034225
COc1cc([C@H]2c3c(cc(OC)c(OC)c3OC)C[C@H](C)[C@@H]2C)cc(OC)c1OC,5.300188025098325,4.443796005044262,5.452286512683065
O=C(O)c1ccc(NCc2cccc(Br)c2)cc1,5.739387752434404,4.667022568662504,5.4489742814299404
CC(C)(C)OC(=O)N[C@@H](Cc1ccccc1)[C@@H](O)[C@@H](NCc1ccc(OCCO)cc1)C(=O)N[C@@H]1CCc2ccccc21,5.731972583538312,5.18925323639801,6.07224763519705
C=C[C@@]1(C)CC=C2C(CCC3[C@](C)(CCCCC(=O)O)CCC[C@@]23C)C1,5.868284437829155,4.778489126833023,5.101734973484835
C[C@@H](N1CNc2cc(Cl)ccc2C1=O)[C@](O)(Cn1cncn1)c1ccc(F)cc1F,6.107593780887938,5.423070418166173,6.527696719071319
CN(C)CCCOc1ccc(-c2ccc3ncc4c(c3c2)n([C@@H]2CCOC2)c(=O)n4C)c(F)n1,6.225402353489979,5.9487680988900555,5.8647522606119
CN1CCN(CCCN2N=C3/C(=C/c4ccccc4)CS(=O)(=O)CC3C2c2ccccc2)CC1,6.293815509634028,4.8972038572699015,5.981626060901481
COC1=Nc2ccc(NC(=O)CCCCCCC(=O)NO)cc2C(C)(C)C1,5.81828678072277,4.409856738567844,6.256165498811704
N#C/C=C1/c2ccccc2N=C(NCCN)c2ccccc21,5.705728444671356,5.418403206859512,5.763112273332797
Cc1nc2cc(OC[C@H](O)CN3CCN(CC(=O)Nc4ccc5c(c4)CCCC5)CC3)ccc2s1,6.311013862731686,5.158851399199984,6.091624274934536
CN(C)c1ccc(C(CNCCc2ccc(C(F)(F)F)cc2)N2CCN(c3ccccc3)CC2)cc1,5.8521596345589595,5.031485126604091,5.885682803597615
O=C1CCCN1C(c1ccccc1)c1c(O)ccc2ccccc12,5.642443071808733,5.107254097042399,5.4152456505620865
CN(C)S(=O)(=O)c1cccc(NC(=O)c2ccc(Sc3nncn3C)c([N+](=O)[O-])c2)c1,4.854947571290927,4.248256192173042,6.274118128575411
COCC(C)NC(=O)c1cc(NC(=O)c2ccc(C)cc2C)cc(-c2ccc(C)cc2)c1,5.245917699564334,4.650276329363697,6.834945961214952
CCN(Cc1ccncc1)CC1(C)Cc2c(N)nc(N)nc2O1,5.561345717397289,5.246745724504326,5.889425146462345
O=C1c2ccccc2S(=O)(=O)N1CCCCN1CCN(c2nccc3sccc23)CC1,6.123229821286259,5.07370291545444,5.891094967738304
CN(C)C(=O)c1cccc(-c2ccc([C@H]3[C@@H](CO)N4CCCCN(C(=O)C5CCCC5)C[C@@H]34)cc2)c1,7.156806769353218,5.350241846996595,5.431205901637185
O=C1Nc2ccccc2/C1=N/N=C1\SCC(=O)N1c1cccc(Oc2ccccc2)c1,5.119273425092982,4.398869966296274,5.170933300069035
CCCCCCCCCCCCCCC[C@H](NC(=O)[C@@H](NC(=O)OCc1ccccc1)[C@@H]1CCNC(=N)N1)C(=O)NCCCN[C@H](C(=O)O)[C@H](O[C@@H]1O[C@H](CN)[C@@H](O)[C@H]1O)[C@H]1O[C@@H](n2ccc(=O)[nH]c2=O)[C@H](O)[C@@H]1O,6.2094534502890175,5.581678823903324,5.717032726257576
Nc1ccn([C@@H]2O[C@H](COP(=O)(O)OP(=O)(O)OP(=O)(O)O)[C@@H](O)[C@@H]2O)c(=O)n1,5.817441514134931,4.534094120513106,5.656368966312742
CCCCCc1c(-c2ccc(Br)cc2)ncn1CCc1ccccc1OC,6.0638907653667475,4.663302537040999,5.763273811137159
CCCOCc1cccc(-c2cc(NC(=O)[C@H]3CNC(=O)C3)nn2-c2ccccc2)c1,5.790658545542703,5.049826858230468,5.78305228251023
Cc1c(CC(=O)O)c2cccnc2n1S(=O)(=O)c1ccc(Cl)c(C(F)(F)F)c1,6.366968840070082,6.118824893015111,5.885800526264686
CCCC[P+](CCCC)(CCCC)Cc1ccc(NC(=O)C2Cc3ccccc3CN2C(=O)C(CCc2ccccc2)NC(=O)OC(C)(C)C)cc1,6.301131233839435,4.966146605969505,6.361876680962923
CCCc1cc(-c2cc(C(=O)N(CCN(C)C)Cc3ccccc3)cc(C(F)(F)F)c2)nc(C#N)n1,6.5778490351387,5.4468631946310735,6.033203738988679
COc1ncccc1Nc1cc2nc3ccccc3n(-c3ccc(C(F)(F)F)cc3)c-2c/c1=N\C1CCC(OC)CC1,5.956690970299311,5.157490767107763,6.152037569667744
Cc1[nH]ccc1-c1csc(NC(=N)NCc2ccccc2)n1,5.410696908119802,5.070346244590478,6.06351951170319
CCCc1[nH]c(=O)c(Cc2cc3cc(OC)ccc3nc2NC)c2cc(OC)c(OC)cc12,6.149493557549362,5.569828180551878,6.0928091971465825
N#Cc1ccc(CN2CCCC2Cn2cccn2)c(F)c1,5.990863524072904,5.7670184618015305,6.477358578526512
CCCCc1ccc(-c2cc(N3CCC(CCNS(N)(=O)=O)CC3)ncn2)cc1,5.908752651252758,5.075761820579163,5.760593447389027
CC(=O)Nc1ncc2c(n1)CC(c1ccco1)CC2=O,5.33936956397056,5.026030367000795,5.882763647853658
COc1ccc(-c2cn[nH]c2)cc1S(=O)(=O)NC1CCCC1,5.849056330776299,5.2392138287636065,5.654731636830122
CCc1cccc(CN(C)C(=O)NC(C(=O)N[C@@H](Cc2ccccc2)[C@@H](O)C[C@H](Cc2ccccc2)NC(=O)OCc2cccnc2)C(C)C)n1,5.58883743064329,5.874386197079557,6.365462983202307
CC(C)(C)c1cc(-c2sc(C(=O)N[C@H]3C[C@H](C(=O)O)C3)nc2CC2CCCCC2)cc(C(O)(C(F)(F)F)C(F)(F)F)c1,6.6849080979721744,5.133929844856429,6.319902442304064
CN(C)CC/C=C(/c1ccccc1)c1cccc(C(=O)O)c1,5.779144387241445,5.085299121952982,5.609681540002092
NP(=O)(O)O,5.911675112137193,4.87231358552605,5.713707432460515
O=S(=O)(Nc1cccc(F)c1)c1ccc(-c2noc(C(F)(F)F)n2)cc1,5.892544223246589,5.212880270500705,5.917953413770942
CC1(C)[C@H]2C[C@H](C/C=C\CCCC(=O)O)[C@@H](NC(=O)c3cccc4ccsc34)[C@@H]1C2,6.372171599353716,4.741758302653282,5.714319857267718
O=c1c(-c2ccc(O)cc2)coc2cc(OS(=O)(=O)O)cc(O)c12,5.240200335710841,5.107035494264664,4.5994564732901555
Oc1ccc(-c2csc(Nc3ccccc3O)n2)c(O)c1,5.5021909281395756,4.96151113431603,5.6082053746534175
CCCCCCNC(=O)Oc1ccc(Cl)cc1C(=O)Nc1cccc(Cl)c1,5.874762526365854,4.659156954746299,6.106739085246423
c1ccc(C[C@H](CCNCc2ccc3c(c2)OCO3)c2ccc3c(c2)OCO3)cc1,5.945939158308019,4.868477135909168,5.6044477807271935
CCNC(=O)[C@H]1OC(n2cnc3c(N)nc(CC4CCC(COC(C)=O)CC4)nc32)[C@H](O)[C@@H]1O,6.0988591780324946,4.599303794450247,6.283457233539764
CO[C@@]12C[C@]3(C)C=CC(=O)[C@H](C)[C@H]3CC1=C(C)C(=O)O2,5.364457868042836,4.8487497990954065,5.815194092059952
C/C=C/C=C/C1=NN(c2cccc(S(=O)(=O)O)c2)C2(C1)SCC(=O)N2c1nc2ccccc2s1,6.0201717806225785,4.418552481926763,5.122781141835985
CCCOC(=O)Nc1nc2ccccc2o1,5.810007328930729,4.663139959747443,5.925608379233324
Cc1ccc(CN(C[C@H](O)CN2CN(c3ccc(F)cc3)C3(CCN(CC4CCCCCCC4)CC3)C2=O)C(=O)[C@H](N)C(C)C)cc1,8.105660678254402,4.842487892873961,6.555839876121611
CCCCCc1cccc(N2CCNCC2)n1,5.652595203294487,5.127144514416102,5.876615315267597
COC(=O)c1ccc2nc(-c3cccc(Cl)c3)c(Cc3cccc(Cl)c3)n2c1,5.874451472673599,5.311601754988427,5.756563922264591
O=C(O)c1c2c(nc3ccccc13)C(=C1CCCC1)CC2,5.855932877900972,5.087788916941575,5.4480586414626195
COc1ccc(S(=O)(=O)NC(C(=O)O)[C@H](N)C(=O)O)cc1,5.777596154444955,4.405041298043005,4.889678875865238
COc1ccc(OC)c(NC(=O)c2cc3oc4ccccc4c3cc2O)c1,5.33580262499622,4.650111199643971,5.034689776213711
Cn1c(-c2ccc(C=O)s2)nc2ccccc21,5.702293721752317,4.719615134864608,5.452203055755563
CC(C)c1ccccc1Oc1ncccc1/C(N)=N/O,5.744557362818522,5.351116237420598,5.5260823927466936
OC[C@H]1OC(n2cnc3c(Nc4cccc(B(O)O)c4)ncnc32)[C@H](O)[C@@H]1O,5.613837229019961,4.711634433802065,6.0225890381691
Cc1cc(C)c(/C=C2\C(=O)N(CN3CCN(C)CC3)c3ccccc32)[nH]1,6.436624617881136,5.701053598856036,6.136691651767122
N=C(S)C(c1ccccc1)c1ccccn1,5.197600700098836,5.081478559674708,5.418759115621161
Oc1nc2ncccc2c(O)c1-c1cccc(Oc2ccccc2)c1,5.296104406837368,5.439036386809939,5.262961506002586
CCCCCCCCc1ccc(-c2noc(CC[C@@H]3CCCN3C(=N)N)n2)cc1,6.492793543672439,4.996497601097721,5.534153066427979
CCC(O)(c1cn(Cc2ccc3c(-c4ccc(OC)cc4)cc(C(N)=O)nc3c2)cn1)C(F)(F)F,5.700653519710895,5.469669436102671,6.19549522879192
COc1cc(/C=C2/SC(=S)N(NC(=O)c3ccccc3[N+](=O)[O-])C2=O)ccc1O,4.499648613094625,5.0594274138515,5.4877407911820795
O=C(NS(=O)(=O)c1ccc([N+](=O)[O-])cc1)[C@H](Cc1ccccc1)N1C(=O)/C(=C/c2ccc(-c3ccccc3)cc2)SC1=S,5.95332739056309,4.920540830532194,5.297277260944252
CCCc1nc2c(C)cc(C(=O)NCc3cccc(OC)c3)cc2n1Cc1ccc(-c2ccccc2S(=O)(=O)Nc2onc(C)c2C)cc1,7.71869301832321,4.975955058107341,6.774706645918315
Cc1ccc(C2COCCN2C(=O)c2cccc(N(C)C)c2)o1,6.278200372876854,5.357077600502397,5.541578612679173
O=S(=O)(c1cccc(-c2nnc3n2CCCCC3)c1)N1CCCC1,5.922146432361294,5.7610111578469105,5.956422969327035
Oc1nc(CN2CCCCC2)nc2ccccc12,5.655354451702919,5.04870206937267,5.210311383112587
CNc1nc(N)nc2nc(-c3c(SC)cccc3C(F)(F)F)ccc12,6.141546132883228,5.120822369699677,6.232441237536204
Cc1cc(N)nc(C)c1CNC(=O)c1cn(Cc2ccccc2)c2ccccc12,6.021725121887778,5.893478622668166,6.621998993264358
N#CSC1CCCCNC1=O,5.739101325401772,4.676855310711119,5.46496135034589
Cc1nc2c(N3CCOCC3)nccn2c1-c1cnn(Cc2ccc3ccccc3n2)c1,6.012338219659788,4.9990157508423865,5.994928984156177
CCN1Cc2nc3ccc(OC)cc3c(NCc3ccc(OC)c(Cl)c3)c2C1=O,5.77851203007157,6.3378075067023385,6.153878666768338
Brc1cccc(CCCN2CCN([C@@H](Cc3ccccc3)CN3CCCC3CN3CCNC[C@@H]3Cc3ccccc3)C[C@@H]2Cc2ccccc2)c1,7.232470630663906,5.163967104682776,6.048133065247819
CCCN1CC(C)(C)C(Oc2ccc(C#N)c(C(F)(F)F)c2)C1=O,5.768970018273783,5.070334175639733,6.189165929993718
COc1cc(C(=O)NC2CCc3cc(OC)c(OC)c(OC)c3-c3ccc(OC)c(=O)cc32)cc(OC)c1OC,5.287876302661147,4.561300374591887,5.531964298953764
CC(C)NC(=O)OCc1c(COC(=O)NC(C)C)n(C)c2c1ccc1ccsc12,6.380503974495006,4.989776642208417,5.806224742695731
Cc1cc(C(=O)O)c2ccccc2n1,5.878455297083455,5.316941242302294,5.2980065752171335
CC(C)(Cc1ccccc1)C(=O)OC1N=C(c2ccccc2)c2cc(Cl)ccc2NC1=O,5.7010407601896995,4.751312722277733,5.497656218567657
O=[N+]([O-])c1ccc(/N=N/c2c3ccc(O)cc3c(O)c3c(O)cccc23)c([N+](=O)[O-])c1,4.887306092142498,4.938785675910172,5.4146766359547245
CCCc1c(OCCCCCOc2cc3c(cc2C(C)=O)CCC2(CCC(C(=O)O)CC2)O3)ccc(C(C)=O)c1O,6.060873108448152,4.750421804587159,5.0850824771722
CC(C)(C)NS(=O)(=O)c1ccc(CCC(=O)N2CCCC2)cc1,6.552063800593828,5.033014897950578,5.854244834169712
CCCCn1c(S)nc2cc(S(=O)(=O)N3CCCCC3)ccc21,6.272923469929243,5.093374266025131,6.141055758276589
COc1ccccc1/C=C/C(=O)c1ccc(OCCCN2C(=O)/C=C\C(C)(C)C/C=C(/C)CC/C=C\2C)cc1,5.8656905921423155,4.552952641394547,5.667836977598188
O=C1/C(=C\c2cn(CC(O)Cn3cc(/C=C4\C(=O)N(c5c(Cl)cccc5Cl)c5ccccc54)c4ccccc43)c3ccccc23)c2ccccc2N1c1c(Cl)cccc1Cl,6.354866083888135,4.967149862056084,5.6319147985399205
CCOC(=O)CCCn1c(N(C)C)nc2c(Br)c(Br)c(Br)c(Br)c21,6.043398794409744,5.106789991123778,5.754967174562642
Cn1c2c(c3ccc(-n4ccc(OCc5ccccc5)cc4=O)nc31)C(=O)NCC2,5.417038776225379,6.1692265673672875,5.671263223499235
COC(=O)c1ccc2nc3n(C)c4ccc(C(=O)OC)cc4c(NCCCN)c-3c2c1,5.647748192645728,5.031937822495858,5.813442497528928
Clc1cc(Cl)cc(-n2nnc(-c3cccnc3)n2)c1,5.887383763891347,5.1456963154513495,5.93788539338058
Oc1ccccc1-c1nc(/C=C/c2ccccc2)no1,5.624709708544042,4.943277683902321,5.501190884317856
COc1ccc(Oc2ccc3c(c2)CCN(C(=O)OC(C)(C)C)C3C(=O)NCCN(C(C)C)C(C)C)cc1,5.731943758670001,5.090143422359051,6.211698332036304
NC(=O)c1ccccc1NC(=O)c1ccccc1F,5.595529177321208,5.5107477961353615,5.600011532673007
Cc1cccc(C(=O)NC2CCN(CC(=O)Nc3cccc(Cl)c3)CC2)c1,5.619579595979023,4.862757755722401,6.341422421354917
O=C(CCN1CCCC1)Nc1ccc2nc3ccc(NC(=O)CCN4CCCC4)cc3c(Nc3ccccc3O)c2c1,6.665706724474664,5.115258573705884,5.8882293715033605
CN1C(=O)C=C[C@]2(C)[C@H]3CC[C@@]4(C)[C@@H](C/C(=C\c5ccccc5)[C@@H]4O)[C@@H]3CC[C@@H]12,5.573408588595438,4.7015501143209635,5.36158806409122
CCC(CC)C(=O)c1c[nH]c(C(=O)NCc2ccc(F)cc2)c1,5.119835857427678,5.381047821970977,6.029679264920994
O=S(=O)(c1ccccc1)C1CCN(CCCc2ccccc2)CC1,5.642357288764282,4.662154189197786,5.863363797518327
CCCS(=O)(=O)Nc1cccc(OCc2nc3ccccc3s2)c1,5.9830929997891245,4.830149615254021,6.141947699941618
Cc1ccc(/C=C/C(=O)c2ccc(NC(=O)Nc3ccccc3)cc2)cc1,5.338811569896894,4.558037160147552,5.696193569889389
Cc1c(C(=O)CN2CCCCC2)[n+]([O-])c2ccccc2[n+]1[O-],5.536403239133555,5.17377641985105,5.1954230923140745
CC1(C)[C@@H](O)CC[C@@]2(C)[C@H]1CC[C@]1(C)[C@@H]2C(=O)C=C2[C@@H]3C[C@@](C)(C(=O)Nc4nc5ccc(F)cc5s4)CC[C@]3(C)CC[C@]21C,6.873735799739296,4.865934647239611,6.4093129885311715
COc1ccc(C(=O)Nc2cc(OC)c3cc2C[C@H]2c4c(cc(OC)c(OC)c4Oc4cc5c(cc4OC)CCN(C)[C@H]5Cc4ccc(cc4)O3)CCN2C)cc1,6.554032661975734,4.859011952607088,6.238890621207244
Cc1ccc(-c2ncccn2)c(C(=O)N2C3CCC2C(COc2ccc(F)cn2)C3)n1,6.797851873340384,6.62873078922384,6.4001263744202
CC(=O)OC[C@H]1O[C@@H](CC(=O)/C=C/c2ccc([N+](=O)[O-])s2)[C@H](OC(C)=O)[C@@H](OC(C)=O)[C@@H]1OC(C)=O,5.653060347404724,4.884728140237344,5.0144134345767215
CS(=O)(=O)c1ccc(-n2nc(C(F)(F)F)cc2OCc2ccccc2)nc1,5.805892038419151,5.342490418242339,6.456433200941751
COc1cccc(NC2(C(=O)Nc3nc4ccc5[nH]ncc5c4s3)CC2)c1,4.7800843677614075,5.0671482897688955,6.087729478210402
O=C(CNS(=O)(=O)NCc1cccc(Oc2ccccc2)c1)N1CCN(Cc2ccccc2)CC1,6.118417449938983,5.2458581155532364,6.157980292043943
C=C[C@@H]1C[C@]1(NC(=O)[C@@H]1C[C@@H]2CN1C(=O)[C@H](C1CCCCC1)NC(=O)N1CCC(CC1)OCCC/C=C\c1cc3c(cc(OCC)nc3cc1OC)O2)C(=O)NS(=O)(=O)C1CC1,7.0336812766113495,5.312899405281636,6.040222338249921
CCCCC(=O)Nc1ccc(C(F)(F)F)c(-n2nc(CC)n(Cc3ccc(-c4ccccc4S(=O)(=O)NC(=O)OC(C)(C)C)cc3F)c2=O)c1,6.637300578128024,5.220901280447954,5.811096346069161
CNC(=O)c1cccc(Nc2ncnc(N[C@H](C)CCc3ccccc3)n2)c1,5.449058024162051,4.955197209457499,6.4669141521235165
Cc1ccc(CNC(=O)NC(C)CN2CCOCC2)s1,6.250723212175996,4.7794877491862255,6.0208911350811585
N#Cc1cn(-c2ccc(C(=O)O)c(O)c2)c2ccc(Cl)cc12,5.866663700347375,5.200588302766184,4.686592828074654
CC1=NN(c2cccc(C(=O)O)c2)C(=O)/C1=C\c1ccc(-c2ccc([N+](=O)[O-])cc2Br)o1,4.932551636570438,4.892049945181822,5.058508122413641
C[C@@H]1C[C@H](C)[C@@H](O)CC(=O)O[C@H]([C@H](C)CC(=O)O)C/C=C\C=C(\C#N)[C@H](O)[C@@H](C)C[C@H](C)C1,6.252162235749831,4.511779730623426,5.331526261659385
Cc1noc2cc3c(nc12)[nH]c1ccc(Cl)cc13,5.803378080033213,5.498424099327759,5.943828292030942
Cc1cccc2c1CC1(C2)Cc2c(C)cccc2C1=O,4.967996780240681,4.7483343872504316,5.5075449194217105
CCCCn1cc(C(=O)C(=O)Nc2ccc(OC)nc2)c2ccccc21,5.538073153015461,5.733960095971583,5.862846377543948
CC1(C)CC[C@]2(CO)C(=O)C[C@]3(C)C(=C2C1)C=C[C@@H]1[C@@]2(C)CC[C@H](O)[C@@](C)(CO)[C@@H]2CC[C@]13C,6.1266894419233475,4.464466195328162,5.267846810289714
COC(=O)NC1[C@H](C)O[C@@H](O[C@H]2C/C=C(/C)[C@@H]3C=C[C@@H]4[C@@H](O[C@H]5CCCCO5)[C@@H](C)C[C@H](C)[C@H]4[C@]3(C)/C(O)=C3/C(=O)O[C@]4(CC(C=O)=C[C@H](OC(C)=O)[C@H]4/C=C\2C)C3=O)CC1(C)[N+](=O)[O-],6.266651495778462,5.011437140210388,5.908880332338456
CCOC[C@H](CCc1ccccc1)NC(=O)C1(NC(=O)CC2C3CC4CC(C3)CC2C4)CCCC1,7.304667316028409,4.560200058372474,5.85202145374749
O=C(Nc1cccc(C(F)(F)F)c1)c1ccnc(N2CCc3nc(CS)ncc3C2)c1,5.96913553568869,5.871562647561166,6.445397653490997
NC(=O)c1cn(-c2ccccc2)c2c1CCc1cnc(NC3CCCC3)nc1-2,5.632884943719452,5.321520997646015,6.174592991681579
CO[C@H]1CN(Cc2ccc([C@H](C)NC(C)=O)cc2)Cc2ccc(OCC3CC3)cc21,6.352385195589806,4.868106054825083,5.5455210367119285
CCOCCCN=C(S)N1C2CCC1CC(NC(=O)NC1CCCCC1)C2,6.807181446436857,4.807752147211158,6.042490117006882
CC(C)(C)C1CCC(C(=O)NCCCc2ccccc2)CC1,5.570756829938429,4.655604069517145,5.476064278546873
CC(N)COCC(C)OCC(C)OCC(C)N,6.0949139475610785,4.678644383794475,5.202767680374599
O=c1c2ccccc2nc(N/N=C/c2ccccc2)n1O,5.601336618750047,5.132553204022668,5.8057892833663844
C[C@H](NC(=O)[C@H](CCN)NC(=O)[C@@H](N)CCCCNC(=O)C(N)CCCCN=C(N)N)C(=O)N[C@@H](CCCNC(=N)N)C(=O)O,5.265579006931432,5.255603142345853,5.412006477937548
CC(C)C(NC(=O)c1ccccc1)C(=O)c1ccc(Cl)c(Cl)c1,5.632102907970549,4.9046102266315135,5.4786225360343535
Cc1ncc([N+](=O)[O-])n1CCSc1nnc(-c2ccc(F)cc2)o1,5.6658824494578015,5.544701716369737,6.485806189221822
Cc1cccc(Nc2nc(-c3ccnc(C)c3)cs2)c1,5.504085481833831,5.218985779760785,6.59494768058609
O=C(NCc1nnc2n1C(C(=O)NC1CC1)CC2)c1ccc(Cl)cc1Cl,6.453809225661141,5.403687941035371,5.690128339373512
COc1ccc(-c2nnc(C(NCc3ccccc3)c3ccc[nH]3)o2)c(OC)c1,5.302926613787326,4.749659798449482,5.8017682165878846
O=C(Nc1ccc(F)cc1)NC1CCN(Cc2c(F)cccc2Cl)CC1,6.135332162680536,5.416918387363388,6.5758981083288806
Cc1csc(Nc2ccccc2)[n+]1-c1ccccc1,5.494187559590219,4.637061246581961,5.451308020133196
CC[C@H](C)[C@@H]([C@@H](CC(=O)N1CCC[C@H]1[C@H](OC)[C@@H](C)C(=O)Nc1ccc2ncccc2c1)OC)N(C)C(=O)[C@@H](NC(=O)[C@H](C(C)C)N(C)C)C(C)C,7.197936466896163,5.610744614667805,6.625565171244862
CCOc1cccc(C(=O)N(Cc2ccc(CC)cc2)C2CCS(=O)(=O)C2)c1,6.085156374657714,5.150408855591758,5.745102740530345
Cc1ccc(Nc2nc(SCc3cn(Cc4ccccc4Cl)nn3)nc(-c3ccc(C(C)C)cc3)c2C#N)cc1,6.360148204691818,4.90777855220545,7.041516417745262
COc1cc2nc(N3CCCC3)nc(NCCCCCN3CCN(C(=O)OC(C)(C)C)CC3)c2cc1OC,7.4485423111022,4.916814511640727,6.216353062145372
CC1CCc2c(sc(NC(=O)/C=C/c3cccs3)c2C(=O)O)C1,5.673090871919175,4.769786404985099,5.738982171801844
N[C@H]1C[C@@H](N)CN(c2nc(N3C[C@@H](N)C[C@@H](N)C3)c(Cl)c(Nc3ccc(NC(=O)C4=CN(C5CC5)C5C=C(N6CCNCC6)C(F)=CC5C4=O)cc3)c2Cl)C1,6.686024604271699,5.299838660871798,6.306892082905741
CC(Oc1ccccc1-c1cccc(F)c1)C1=NCCN1,5.613307299182826,4.851008499861989,6.024993249425304
COc1ccc(NC(=O)COC(=O)C2CC(=O)N(c3ccc(OC(C)C)cc3)C2)cc1,4.792392366670639,4.61843364620656,5.435703322636406
Cc1ccc(OCCCn2ccnc2)cc1,5.630764512469665,4.795372863481213,5.254250355360281
Cc1ccc(OC2CCN(C(=O)C(=O)Nc3ccc4nc(O)sc4c3)CC2)cc1,5.799368684778458,5.147926024292428,5.5967992833988465
CCCCc1nnc(NCc2ccc(OC)cc2)n1Cc1ccc(NC(=O)c2ccccc2-c2nnn[nH]2)cc1,6.18431307933637,4.978973533565695,6.334454803708825
C=CCc1cccc(/C=N/NC(=O)CN2CCN(Cc3cccnc3)CC2)c1O,5.399651808359442,5.067579193384105,5.645396836704857
Cc1cc(-c2c(F)ccc(O)c2F)cc2nnc(Nc3ccc(S(=O)(=O)NCCN4CCCC4)cc3)nc12,6.875219962948217,5.062771146048967,6.441033584431336
CN(C)CCCN1CC[C@H]2c3ccccc3[C@@H](c3ccccc3)[C@H]2C1,5.963667579159047,4.71787272999923,5.051217772958201
Cc1ncc(CO)c(/C=N/Nc2ncccn2)c1O,6.126783261338663,5.098165001687634,5.916320414283785
COc1ccc(-c2cc(NC(=O)c3cncn3-c3ccccc3)ccc2OC)cc1,4.9332757516046755,4.554328991829748,5.6554432114121855
CC(C)=CC(=O)OCC(=O)Nc1ccccc1Cl,5.753348827748612,4.368608233956339,5.885174666954579
